text,targetCode
"Run R quality check scripts on CBMS data","IPCR-A-102"
"Develop dashboard overview page in Vue 3","IPCR-B-004"
"Standardize frontend component tokens for CBMS Portal","IPCR-B-004"
"Draft technical collection protocols for CBMS audit","IPCR-A-101"
"Implement authentication validation checks on backend routes","IPCR-B-004"
"Write and verify Excel VBA macros for listing records","IPCR-B-004"
"Conduct weekly status alignment meetings with statistics group","IPCR-ADMIN"
"Export finalized accomplishments to PDF formatting","IPCR-A-101"
"Process dataset revisions using R tidyr library","IPCR-A-102"
"Refactor layout components for CBMS dashboard","IPCR-B-004"
"Review technical evidence logs for compliance audit","IPCR-ADMIN"
"Draft installation documentation guide for R packages","IPCR-A-101"
"Implement API synchronization routines for secure upload","IPCR-B-004"
"Prepare validation summaries for CBMS Q1 performance check","IPCR-A-102"
"Coordinate daily standup logs across front-end team","IPCR-ADMIN"
